city_id,year,num_diapers,num_babies,id
33,2025,794,0,056cd123-cedb-43e5-a584-5a073cf21476
36,2024,589,0,06190dfc-298b-458e-9cb9-92a350f16460
1,2025,7047,0,0650e63f-9f8c-4dcf-b177-033b0b59983d
11,2026,3886,0,07e1eef1-d135-4913-8a14-98bd745f9a81
18,2025,6669,0,096face4-ea2e-418c-a000-d2b6abd3d750
4,2025,44824,0,0a4b6918-c934-4a8e-a3e6-29077aec9507
13,2023,54948,0,0bf6247d-4b8a-47eb-a2d9-5673c58be679
13,2021,67137,0,0e2fd6dc-28cf-46b1-b4ec-5bdc66b796c2
27,2025,2788,0,0fdfeb19-dfc3-4881-844e-c239baef4126
32,2026,275,0,115830b4-2dd0-4679-962b-beb965923d67
11,2022,5007,0,11e74516-406d-4b23-8e47-729469f5cceb
26,2024,271,0,136c8279-9cfb-4876-be8a-915821ee5ad9
27,2022,995,0,14d47071-b07b-4bdc-b0b3-c909878018d3
26,2021,36,0,1536df23-6063-4241-bff3-e5120ae3e21b
13,2020,37537,,17144a72-e6a4-4798-891d-71c2a32c0737
4,2023,20842,0,1a4804d1-3ed2-4f73-840b-c395380d5625
37,2022,3647,0,1a7974df-b6e5-452b-8270-94190a523aa7
26,2025,501,0,1b0c0fc5-ea99-48ce-b6ef-2a1622f783db
30,2020,430,,1c799299-1e98-4265-8ac2-7d56057b46d3
20,2025,96,0,1da0585f-3ac7-4e9b-bea2-275c585cb82f
30,2021,526,0,20b6b399-1fc4-4f76-b8ef-ddd1351307c6
19,2026,361,0,2149f7b0-de63-4744-b281-edb5620c5562
37,2024,3182,0,223f0d99-d1e6-4167-92ba-6afffcdac091
1,2026,3028,0,24e75b6f-bb10-4364-ad55-a3ec9fec41b4
35,2026,526,0,254babb0-7ff4-47b1-b605-1d108bcb7d64
11,2021,892,0,28645fbb-6344-45ab-8429-335409378b9d
4,2024,29466,0,2b4ed3ff-753c-4ff1-b67b-20447b4a7ae2
24,2025,50730,0,2b6419ac-02a8-473d-a84a-778bfa34d5ea
16,2025,956,0,2bc6b94a-44bc-480e-87c3-2a966b9e1ab8
34,2025,340,0,2d1e37b3-8b52-4433-9796-f441918fd8b9
27,2021,789,0,2d5c644b-3a43-4e65-8502-906c25a9bab3
18,2023,1108,0,3557b984-a9bd-4049-84e6-e402eef50bb0
11,2025,12991,0,36320712-cd73-4dbb-881a-8b5a498a4285
13,2018,21019,,36e0ac91-9c03-418a-bef3-f575c4887fc8
13,2019,8700,,375fa507-18b4-4d1e-a9dd-657b2ca9fa01
19,2024,1061,0,383c313d-8c86-4bad-ae6b-6abc6d4bf162
13,2015,15301,,3886c998-1bac-459a-a749-167da9d77bef
24,2021,36,0,38cf0708-d984-4bcf-8bae-2b76875eb4c6
18,2021,65,0,3fa3cb1f-8f25-4bc0-80e4-daf3d1bf2287
35,2023,1234,0,40d2b366-a5fd-495a-b31d-7489e387ba76
35,2025,2109,0,427c07e5-05ec-4cc2-afca-b4b0b1c82c8b
28,2026,132,0,42f24f71-172a-4511-ae13-9d44b3dc0c80
4,2020,26719,,4318ae77-937c-447e-9f6f-6d7fef6cdc8f
21,2025,1683,0,433dffc9-6053-46ab-a286-1868f0d06894
30,2022,663,0,446c13e8-1488-4c0f-86ea-293808716f81
8,2026,275,0,49c1298c-f479-458a-a397-c2f5ea4524de
27,2023,350,0,49e16ebf-8618-4fd3-8941-d0a5edeeeab0
12,2025,4301,0,4d333be0-1387-4da8-b5b4-c4db1f07857c
15,2026,539,0,4da55cd2-e07f-4768-8932-b72d6b6f835c
3,2025,18284,0,50b031fa-3bea-487f-92e2-bff8a91b652f
26,2023,214,0,52e4367b-7f5b-4cde-b2f1-cdc271a42d56
34,2026,166,0,555148fc-319e-4e7f-9fe0-d5e7e40f2cae
37,2023,3702,0,5771c458-91b5-44d5-8ce5-fe2020dbde6c
18,2024,1151,0,59e857c8-5f10-477a-a698-2997d4414b95
13,2014,13436,0,5ef70425-01a1-4f9e-9654-944f24708de5
3,2026,7242,0,64008f11-b6aa-423a-9bb7-57fb6d3d95aa
11,2023,5338,0,66bfa684-7929-4022-93f1-05c35b1ee09c
25,2022,0,0,68306f8d-a0b5-48c5-82c7-6094842a6d73
8,2025,567,0,693ff9ab-3a55-4b2c-adc1-b070cc6a8dc7
10,2026,1167,0,6b853835-bb20-4179-9bcb-305a84ae566d
27,2026,979,0,6bcca3de-1cbf-4850-a1d1-77c8475be6e6
26,2026,155,0,6c549e79-881b-40c6-b8f7-cf92e25fe302
21,2026,516,0,6f52b909-bc39-4fb4-bd2c-f08d585ea8c2
33,2026,385,0,7126a06b-e2ad-4ffe-8318-d597d355de5d
13,2022,63329,0,72c675a3-66e7-4b15-b077-b59eda3390db
25,2024,0,0,7485678e-eee6-4229-9dac-1d5d3a5b024b
37,2026,755,0,76da34b1-d075-4e4b-883a-af9708086eb5
30,2024,519,0,78d69f3a-4305-4eb1-b334-679a2e8bbccf
26,2022,200,0,79fc8fff-a770-4150-948c-dccbad6033d2
37,2025,4629,0,7bd59f7c-abc8-4fcc-892b-482ed8f08e94
4,2018,90,,7d723798-8bf8-4917-a9e5-5e7c38b69436
10,2025,2506,0,7ed8aadc-0ec6-4de0-828c-c5418af3ddff
14,2025,69699,0,82b9f3b5-bac0-4379-ba94-f68f81e5cd05
2,2025,26837,0,855adf35-bbcb-4105-9f34-3b8ce266e809
35,2022,1216,0,87a02320-f311-4896-9ff0-41632aaef09b
18,2022,1030,0,8edb1e67-e536-4c2c-ac93-99f7a4a1c5bb
5,2026,264,0,8f5def68-cee2-430c-a382-652182f925d9
13,2017,33602,,9052b9b0-9b51-4e22-a2d5-99ba78a504a4
36,2022,675,0,9361a58f-bfa9-48e2-a20b-12659d86c0cf
25,2023,0,0,936479c6-a0bb-41e2-a000-e86d3acd5dbe
13,2025,134528,0,94a87679-6831-45f3-a3de-86452da12d5e
14,2023,2133,0,98981e6c-78cd-492f-a3bf-23992e70b1b1
14,2026,22996,0,9a288059-6307-4bd8-bf6e-899739463d82
32,2025,567,0,9d6126dc-ca88-49b8-8e42-704a3be9c512
19,2025,1768,0,a182e745-3207-4b82-891f-64a725e80355
31,2025,613,0,a1bb3890-7f0e-4cb1-b6a2-2b86ba2a8c14
5,2025,613,0,a2f45d6c-8554-45b1-b14d-06f7612c7d98
15,2025,1180,0,a5702629-fb89-46b4-819a-4ca9298ba823
29,2025,900,0,a9d75ab9-f3aa-4afa-a899-1528e36dc02d
6,2025,2609,0,acc427c2-eab7-4add-be05-5215b21f653b
13,2024,72281,0,afa1c875-f63c-45be-842b-b3cc234b3c1f
13,2016,24146,,b04eb4fd-8823-45da-a16f-d7e20812abcd
13,2026,37664,0,b0d7dfb5-2bce-4672-ae18-1ea4fdba96db
17,2025,2495,0,b3fbe8f9-4369-4809-a4b9-73bbbde90f70
17,2026,1213,0,b6a41e1e-5c63-459b-8d27-c496b3d61fcb
19,2023,1234,0,b754d76b-7435-4dd0-8a74-86bfdc085679
25,2025,0,0,b8898090-5a64-451f-b4f0-5b0f442b9f91
18,2026,1601,0,bdbd9c9e-0ecc-46e4-9ead-ba0be945933b
36,2025,857,0,be9bf46b-12c1-42ec-8d23-428a48cfe174
30,2025,1860,0,c0e6e718-bfe1-4479-9988-ca6682e8eb22
4,2026,12281,0,c3a2ad28-fef1-4d9f-9365-a0100ca20140
6,2026,1268,0,c3f45cfc-3445-4c5d-9349-09f261ae0bf4
24,2026,11980,0,c42c371b-41ab-475a-9c0a-46509ffebdca
14,2022,2091,0,c4bd65b7-90dd-40c8-a6ab-c17463a6974b
24,2022,12258,0,c94c055b-b441-49a3-9963-6ad0dc1e1f40
27,2024,778,0,cbfe4a3c-2e86-4390-9724-3855be01ce5f
4,2022,32109,0,d130054b-06ee-4ba0-be1e-a976dd865f31
24,2024,34242,0,d481e858-04f7-466a-a4dd-b86f5de371bf
25,2021,0,0,dbe2fba0-d6c0-49b2-a3a4-ee9dc7681f26
13,2013,10476,,dd40f761-8f1c-41bc-a12a-0974e439160f
2,2026,7856,0,de89500a-9fa4-4e5d-afad-74b295fa4967
4,2021,49551,0,df459aa4-e9ea-4cfc-9128-4927c5cfb4ec
4,2019,14409,,e233c099-794e-4669-a949-2d3e5dcc15ae
24,2023,27219,0,e71cdc04-46d1-48d2-a806-873d312d45ef
11,2024,6782,0,e8e1ae28-d2ee-4502-bf36-bb90f8498557
28,2025,497,0,e92ebff8-1f71-415a-9abf-dff3869ddbe3
36,2023,686,0,e94d98e1-d3a1-4e12-8293-5df5197b39bd
19,2022,1216,0,eba35ca9-8ccb-4f95-b1b9-7e55c689154e
30,2023,233,0,edf3d0c6-deb8-4f2f-8335-fa4b3260744f
27,2020,645,,eebeacc6-9ac1-4de1-87a6-2fe661504ef1
35,2024,1061,0,efa1c9ef-98f9-46ca-85fb-f950a72c5f94
29,2026,264,0,f04a361a-dbd2-497a-a991-e3c089a11a2d
31,2026,264,0,f1115974-9ca1-4113-83ae-11f45244c868
25,2026,0,0,f347c76c-dd24-4822-bc9a-193370434b24
14,2021,36,0,f5dfef3b-611a-4b1d-92c9-5f4ebab19442
36,2026,140,0,f88d517c-e857-405d-a136-1f03e122f3e9
14,2024,9038,0,f9e53fba-ffa1-42d8-9e6a-0f35b4c2d301
30,2026,653,0,fb35bfe5-c0e3-4a3d-b89b-2541d394e17d